{
  "mae": 0.019487345077649182,
  "rmse": 0.043422890543288066,
  "mouth_mae": 0.023047212051822245,
  "jaw_open_mae": 0.024974665005901415,
  "per_dim_mae": [
    0.011124454125794922,
    0.027024167272344714,
    0.027105567054037872,
    0.0030719910478443865,
    0.003073372200104754,
    2.2265727764765797e-05,
    1.8904666516233112e-05,
    0.03231127610169967,
    0.03231736710543081,
    0.012103974838003888,
    0.030895415061072993,
    0.022561120768620234,
    5.17790403000249e-05,
    0.0336645746366587,
    0.034058707925523284,
    0.009931440165690053,
    0.009955343089973458,
    0.006522469773830558,
    0.006537232400178784,
    0.011019944517302043,
    0.009507122648074719,
    0.008578232803692028,
    0.018777390641044934,
    0.017785908159312795,
    0.024974665056089515,
    0.011298451570696158,
    0.006355541453287735,
    0.0017641824667685383,
    0.07283058965498491,
    0.0557353209224629,
    9.115163694430797e-05,
    0.0044890817322614076,
    0.0066698965505855535,
    0.010939700743258972,
    0.02006789106229094,
    0.026273297719008895,
    0.012585236541648474,
    0.04928442869998445,
    0.047576136669853136,
    0.006426896312188856,
    0.0069174077646090674,
    0.009936228386666471,
    0.009379430967009127,
    0.030288788861016852,
    0.029540264007982712,
    0.0713772327570448,
    0.07285536641686129,
    0.00912736487531647,
    0.008832258797233926,
    0.02033028591558715,
    0.01936377069721999,
    1.1063514266752429e-05
  ]
}