{
  "mae": 0.020360731649443974,
  "rmse": 0.04482233713267654,
  "mouth_mae": 0.024188244862788543,
  "jaw_open_mae": 0.025973344900622867,
  "per_dim_mae": [
    0.011245991290086145,
    0.02556559364741231,
    0.025625084867076917,
    0.0031774323137606234,
    0.003454095552738259,
    2.004158550887318e-05,
    2.296550890260051e-05,
    0.03555273939441247,
    0.03498536111831464,
    0.011903775006818114,
    0.03138516484003496,
    0.023434604924423497,
    9.95476133694035e-05,
    0.03617454917666009,
    0.03601406290837055,
    0.009249477835156242,
    0.009290746231729539,
    0.006616951380763703,
    0.006636842404612866,
    0.011388590832457218,
    0.00955805019659314,
    0.008649775924437698,
    0.021290820418577574,
    0.02014490659958864,
    0.025973345251939582,
    0.011562630673757717,
    0.006710464923510538,
    0.0018056989603827543,
    0.07555492641222927,
    0.05810007598823955,
    9.046733962016512e-05,
    0.004479966462505402,
    0.006816408562918686,
    0.012308344302986962,
    0.023673676162151998,
    0.032312022135290594,
    0.012866456174132774,
    0.048668120863713436,
    0.04730913280474614,
    0.0067002600324165195,
    0.007085535961908361,
    0.010095070204149107,
    0.009661493985455433,
    0.03150978219871734,
    0.030314783211344606,
    0.07503983216867385,
    0.0776720349129445,
    0.01031837166892693,
    0.009901258615729257,
    0.020839716005219923,
    0.019882391332488425,
    1.8614879115802742e-05
  ]
}