{
  "mae": 0.02358054931783765,
  "rmse": 0.04903686616373576,
  "mouth_mae": 0.025065980496256315,
  "jaw_open_mae": 0.0405632853312737,
  "per_dim_mae": [
    0.017263929895294655,
    0.02960215954290193,
    0.029615262052028694,
    0.010631659223621543,
    0.01040523100223161,
    9.189774231326335e-05,
    9.029800023782454e-05,
    0.04651829198166507,
    0.04668334068350492,
    0.020052811586525422,
    0.026744703359369987,
    0.010989936894720038,
    0.0023847765674333637,
    0.04647509229922837,
    0.04641388058753535,
    0.010874018525105663,
    0.010937926940511414,
    0.04626710430142681,
    0.046401422442251455,
    0.007606401636969715,
    0.009552014824572892,
    0.00853446422972545,
    0.020542862410679583,
    0.019661625801700756,
    0.04056328587279093,
    0.012861353907051645,
    0.007728678507049767,
    0.0017035295183867032,
    0.07395816949521408,
    0.05972452185981806,
    0.002199099406044488,
    0.004326423352891816,
    0.008165959899086903,
    0.010642558463176034,
    0.01445770289706357,
    0.020492741721552587,
    0.019104302573827305,
    0.04819132157070211,
    0.04562001258636657,
    0.013230712163492331,
    0.012578732516094999,
    0.009536818309991296,
    0.008876187310506961,
    0.030803302399243487,
    0.029863742937588998,
    0.07968142247720181,
    0.08099786109893492,
    0.007226598950357535,
    0.0071985783289857065,
    0.02699845958077308,
    0.025114565100365048,
    8.140758041691448e-07
  ]
}