{
  "mae": 0.028999594893177636,
  "rmse": 0.06366589321767446,
  "mouth_mae": 0.03582288715488387,
  "jaw_open_mae": 0.03613531303465199,
  "per_dim_mae": [
    0.02232581219148621,
    0.03654691161824075,
    0.036174566435940206,
    0.0103402697675954,
    0.010330465286459348,
    0.00018944905362106178,
    0.00011309964281073535,
    0.044041021697132636,
    0.043324074072048795,
    0.028568663824455283,
    0.03260907267959514,
    0.011620203852096276,
    0.0001830456040662633,
    0.01896696723707371,
    0.022230868251868294,
    0.010817372193400383,
    0.009309774174724424,
    0.03045981782513194,
    0.030323083989900308,
    0.012549945519846449,
    0.01760593000027427,
    0.014620736515310257,
    0.030701892849216955,
    0.030985050017159836,
    0.03613531303465199,
    0.01355904650933351,
    0.003044878221739486,
    0.003290352075781247,
    0.11239004803803451,
    0.07780627009652417,
    0.00010845289458530869,
    0.004829570024174744,
    0.00521168817646149,
    0.01086195787933245,
    0.030882233286542885,
    0.0448114496779687,
    0.01695183349495255,
    0.08080216262451248,
    0.07949975496068035,
    0.0013834770853625685,
    0.0017219531843505496,
    0.013794798834667877,
    0.013363512404130678,
    0.05541256559567498,
    0.053914362858968126,
    0.11820747563310709,
    0.1336174766086425,
    0.01238231103195138,
    0.012803779951543146,
    0.03468425848209884,
    0.03148627674962249,
    8.361961898048856e-05
  ]
}